"Country","PT","PGR","PUP","P60P","P15P","TFR","IMR","I3R","HER","HGR","HGGR","NDP","NNMP","NPP","NMP","HPP","HPHP","NMPP","HGDP","DR1","DR2","DR3","DR4","TBN","NMN","YCP","YIP","YNCP"
"Afghanistan",26088,4,23,4,47,7.2,70,83,20.1,27.5,4.4,900,14930,5970,5,97.2,72.5,2.5,5.4,153,706,134,1269,161,60,76,6,18
"Albania",3172,0.6,46,13,26,2.1,97,98,3.7,35.5,11.3,1035,14637,3626,47,94.7,64.5,4,6.2,154,537,64,814,19,9,17,20,63
"Algeria",33351,1.5,64,7,29,2.4,92,95,0.1,77.3,9.5,9553,69749,35368,22,94.6,22.7,2,3.6,103,314,85,598,56,22,50,20,30
"Andorra",74,1,93,22,14,1.3,94,96,0,70.6,22.7,46,259,244,39,73.2,29.4,1.1,6.3,126,125,31,369,19,2,6,14,80
"Angola",16557,2.8,54,4,46,6.5,88,83,7,86.6,5,222,18977,1165,14,100,13.4,16.9,2.7,179,486,231,982,285,54,84,8,8
"Antigua and Barbuda",84,1.3,37,11,28,2.2,99,99,0.2,67.3,11.3,13,233,12,33,86.9,32.7,19.3,4.9,144,343,35,717,6,8,21,10,69
"Argentina",39134,1,90,14,26,2.3,99,96,0.1,45.5,14.2,28900,29000,108800,8,43.8,54.5,0.3,10.1,142,212,52,521,39,10,18,17,66
"Armenia",3010,-0.3,64,14,20,1.3,92,88,14.5,41.2,9.7,1255,14806,11133,49,87.6,58.8,1.3,4.7,146,498,39,800,72,18,13,9,78
"Australia",20530,1.1,88,18,19,1.8,94,92,0,67.2,17.2,21296,187837,47875,97,55.7,32.8,3.9,8.7,127,140,35,362,6,3,5,17,77
"Austria",8327,0.4,66,22,16,1.4,79,85,0,77,15.5,4467,53782,30068,66,72.2,23,1.8,9.9,127,204,38,406,13,3,3,14,83
"Azerbaijan",8406,0.6,52,9,24,1.7,97,95,0.8,30.9,3.6,2431,71265,30766,84,83.5,69.1,2.3,3.4,113,613,29,892,77,35,36,6,58
"Bahamas",327,1.2,91,10,27,2,96,95,0,51.1,13.9,21,1323,312,45,41.1,48.9,4.3,6.9,112,222,73,490,38,5,35,20,45
"Bahrain",739,1.9,97,5,26,2.4,99,97,0,66.4,9.5,300,4410,1980,61,69.2,33.6,2.2,3.8,127,312,37,746,41,4,10,22,68
"Bangladesh",155991,1.8,25,6,35,2.9,88,90,14.6,36.8,7.4,2344,39471,42881,3,88.3,63.2,0.9,3.1,111,428,101,762,225,36,60,12,28
"Barbados",293,0.3,53,13,18,1.5,75,93,2.9,62.5,11.9,63,988,322,37,78.6,37.5,3.1,6.7,135,245,30,535,11,8,26,10,65
"Belarus",9742,-0.5,73,18,15,1.2,99,95,0.2,74.9,10.2,4647,121357,46359,125,68.8,25.1,2.6,6.4,143,592,154,839,61,3,7,25,68
"Belgium",10430,0.3,97,22,17,1.6,92,99,0,71.1,13.9,8305,146846,44124,142,78.7,28.9,3.4,9.5,148,162,45,427,13,2,5,15,80
"Belize",282,2.2,48,6,37,3,96,96,1.3,59.5,10.9,32,303,251,13,100,40.5,1.2,5.3,147,317,79,651,49,17,40,19,41
"Benin",8760,3.1,40,4,44,5.6,61,67,13.4,53.3,13.1,12,5789,311,8,99.9,46.7,21,5.3,154,432,116,852,90,36,82,8,10
"Bhutan",649,1.8,11,7,32,2.3,95,95,48.2,68.6,7.3,65,730,52,3,100,31.4,16,4.5,112,441,112,771,96,30,65,10,25
"Bolivia",9354,1.9,65,7,38,3.6,81,81,3.6,62.8,11.6,5997,18091,10329,21,81,37.2,1.7,6.6,256,260,80,824,198,24,55,11,34
"Bosnia and Herzegovina",3926,0.3,46,19,17,1.2,96,95,1,57.2,14,629,18332,5540,47,100,42.8,3.3,8.3,121,492,43,699,51,10,7,13,81
"Botswana",1858,1.2,58,5,35,3,90,97,5.8,76.7,17.8,38,4753,715,27,27.5,23.3,6.6,7.2,124,338,72,653,551,46,93,3,4
"Brazil",189323,1.3,85,9,28,2.3,99,98,0.1,47.9,7.2,190448,659111,198153,38,64,52.1,3.3,7.5,142,341,81,712,50,13,30,20,50
"Bulgaria",7693,-0.7,70,23,14,1.3,96,95,0.2,59.8,11.9,6512,35028,28111,46,97.7,40.2,18.3,6.9,125,554,42,756,40,7,5,9,87
"Burkina Faso",14359,3,19,4,46,6.1,94,99,32.9,56.9,15.8,58,6557,708,5,91.5,43.1,9.8,6.4,162,459,149,901,248,32,87,7,7
"Burundi",8173,3.9,10,4,45,6.8,75,74,13.7,24.6,2.3,14,1348,200,2,100,75.4,6.3,3,146,439,301,843,367,41,81,12,7
"Cambodia",14197,1.7,20,5,37,3.3,79,82,22.3,26.1,10.7,209,11125,2047,9,84.4,73.9,5.3,6,148,392,72,853,500,48,72,6,22
"Cameroon",18175,2.1,56,5,41,4.5,74,82,7.1,28.1,8.6,147,26042,3124,16,94.9,71.9,8.4,5.2,150,436,118,848,192,30,81,8,11
"Canada",32577,0.9,80,18,17,1.5,94,94,0,70.4,17.9,38310,327224,62307,101,49,29.6,5.3,10,138,141,34,388,5,3,6,15,80
"Cape Verde",519,2.3,58,5,39,3.5,74,81,19,81.5,13.2,11,410,231,9,99.7,18.5,1.8,5.6,127,356,39,692,168,9,51,12,37
"Central African Republic",4265,1.7,38,6,42,4.7,62,54,22.1,35.6,10.9,13,1613,331,4,95.3,64.4,5.1,3.9,154,445,146,863,345,52,84,7,9
"Chad",10468,3.1,26,5,46,6.3,23,20,23.5,35.6,9.5,15,2499,345,3,96.2,64.4,7,3.6,156,443,131,869,299,42,85,7,8
"Chile",16465,1,88,12,24,1.9,91,94,0.1,52.7,14.1,6750,10000,17250,6,54.8,47.3,0.6,5.3,137,165,50,453,15,5,17,19,64
"China",1328474,0.6,42,11,21,1.7,94,93,0.1,42,9.9,136520,1301240,1862630,10,92.9,58,0.7,4.5,148,291,79,665,99,18,23,21,56
"Colombia",45558,1.4,73,8,30,2.3,95,93,0,85.4,17,33951,23940,58761,6,43.9,14.6,0.4,7.3,117,240,141,511,45,13,25,40,35
"Comoros",818,2.5,38,4,42,4.5,65,75,31.7,55.5,8,29,588,115,7,100,44.5,4.9,3.2,128,381,83,736,44,25,70,12,18
"Congo, Dem. Rep.",60644,3.2,33,4,47,6.7,79,87,28.8,37.1,7.2,159,28789,5827,5,100,62.9,4.8,4.3,161,465,273,909,392,47,82,11,7
"Congo, Rep.",3689,2.2,61,5,42,4.6,67,80,3.5,40.8,4,12,3672,756,10,100,59.2,4.8,2.1,134,393,147,762,403,30,79,11,11
"Cook Islands",14,-2.5,64,8,34,3,98,99,2.2,91.4,12.4,10,80,20,47,100,8.6,4,4.5,69,326,38,616,16,10,29,13,57
"Costa Rica",4399,1.6,62,8,28,2.1,90,89,0.1,76.1,21.5,1905,3653,5204,9,80.4,23.9,0.7,7,125,185,55,457,14,8,22,21,57
"Cote d'Ivoire",18914,1.8,45,5,41,4.6,67,76,8.3,23,4.1,339,10180,2081,6,87.8,77,5,3.8,160,436,179,873,420,64,78,10,11
"Croatia",4556,0.1,57,22,15,1.3,96,96,0.1,80.1,13.9,3230,24872,11250,55,94.1,19.9,2.2,7.5,167,356,48,613,40,5,5,11,84
"Cuba",11267,0.1,75,16,19,1.5,99,93,0.2,90.7,10.8,9841,83880,66567,74,93.6,9.3,1.3,7.1,129,215,54,435,9,4,10,17,73
"Cyprus",846,1.1,69,17,19,1.6,87,97,0,44.8,6.4,715,3361,1950,40,84.3,55.2,0.1,6.3,94,354,33,530,5,2,12,14,74
"Czech Republic",10189,0,73,20,14,1.2,97,99,0,87.9,13.6,6933,91120,36595,89,95.5,12.1,2.5,6.8,177,315,50,568,10,2,3,13,83
"Denmark",5430,0.2,86,22,19,1.8,89,75,0,84,15.6,4530,54073,19287,101,90.1,16,2.8,9.5,167,182,40,503,8,3,4,10,86
"Djibouti",819,1.8,87,5,38,4.1,74,88,30.6,75.4,13.4,60,296,140,4,98.4,24.6,2.3,6.7,116,533,92,926,809,45,76,8,17
"Dominica",68,-0.3,71,11,28,2.1,96,96,0.7,64.7,9.2,4,317,38,42,81.7,35.3,8.3,6.7,144,257,45,590,16,10,19,13,68
"Dominican Republic",9615,1.5,68,8,33,2.9,96,79,1.7,31.2,9.5,7000,15352,15670,18,79.5,68.8,1,6,131,381,59,687,89,18,56,12,33
"Ecuador",13202,1.1,63,9,32,2.6,99,99,0.7,43.6,7.3,2062,20586,18335,17,85.6,56.4,1.1,5.4,129,244,89,576,128,13,37,21,42
"Egypt",74166,1.8,43,7,33,3,97,98,0.8,40.7,7.3,25170,249787,179900,34,94.9,59.3,1.4,6.3,84,560,35,959,24,17,32,8,61
"El Salvador",6762,1.4,60,8,34,2.7,98,96,3.1,58.7,15.6,3465,5103,7938,8,90.3,41.3,0.6,7,102,223,101,557,50,12,41,21,38
"Equatorial Guinea",496,2.4,39,6,42,5.4,51,33,5.3,78.3,7,15,271,153,5,73.6,21.7,1.8,1.5,155,438,144,864,256,47,79,9,12
"Eritrea",4692,3.6,20,4,43,5.2,95,97,26.5,37.3,4.2,16,2505,215,6,72.5,62.7,11.6,4.5,133,398,92,762,94,21,81,8,11
"Estonia",1340,-0.3,69,22,15,1.5,96,95,0.6,74.2,11.3,1175,9247,4414,70,92.9,25.8,2.1,5,150,435,144,674,39,4,6,27,67
"Ethiopia",81021,2.5,16,5,44,5.4,65,73,42.9,60.4,10.6,93,15544,1936,2,80.7,39.6,7.3,4.9,147,435,104,859,378,41,82,6,12
"Fiji",833,0.6,51,7,33,2.8,81,83,1.9,70.9,9.1,60,1660,380,20,79.1,29.1,4.4,4,86,470,40,825,22,10,27,10,63
"Finland",5261,0.3,61,22,17,1.8,98,99,0,78.5,12.1,4490,46930,17357,89,79.9,21.5,2.7,7.6,115,201,60,422,5,2,5,20,76
"France",61330,0.6,77,21,18,1.9,87,98,0,79.7,16.7,41374,486006,207277,80,33.2,20.3,2.3,11.1,142,118,48,368,14,2,6,16,78
"Gabon",1311,1.5,84,7,35,3.1,55,38,2.3,78.7,13.9,66,6778,395,50,100,21.3,17.3,3.7,158,410,103,813,354,31,72,9,18
"Gambia",1663,2.8,55,6,41,4.8,85,90,40.3,58.3,8.7,43,1881,156,13,70.3,41.7,12,4.3,144,413,109,805,257,44,75,10,15
"Georgia",4433,-0.9,52,18,18,1.4,97,98,6.7,21.5,5.6,1269,17871,20597,40,91.9,78.5,0.9,8.4,91,584,25,745,84,25,13,6,81
"Germany",82641,0,75,25,14,1.4,94,97,0,76.6,17.6,65683,662000,284427,80,56.7,23.4,2.3,10.4,141,211,29,444,6,3,5,10,86
"Ghana",23008,2.1,49,6,39,4,95,94,22.4,36.5,6.8,393,19707,3240,9,78.8,63.5,6.1,6.2,138,404,97,786,203,43,74,10,16
"Grenada",106,0.3,31,10,33,2.3,98,99,0.7,65,9.5,20,326,80,40,95.1,35,4.1,7,199,448,51,870,5,11,23,10,66
"Guatemala",13029,2.5,48,6,43,4.3,93,82,1.3,37.7,14.7,2046,44986,9965,41,91.4,62.3,4.5,5.3,93,188,98,562,79,19,60,13,27
"Guinea",9181,2,33,5,43,5.6,71,75,11.6,12.3,4.7,60,4408,987,5,99.5,87.7,4.6,5.7,156,432,147,853,265,39,80,9,11
"Guinea-Bissau",1646,3,30,5,48,7.1,76,63,31.4,24.7,4,22,1072,188,7,59.3,75.3,5.8,6.2,159,449,138,883,219,47,86,6,8
"Guyana",739,-0.1,28,9,31,2.4,96,94,29.3,84.5,8.3,30,1738,366,23,100,15.5,4.8,5.5,86,526,97,822,164,22,56,14,30
"Haiti",9446,1.6,39,6,38,3.7,58,53,65.8,67.6,29.8,94,834,1949,1,89.6,32.4,0.4,8,112,402,38,786,299,32,84,2,15
"Honduras",6969,2,47,6,39,3.4,89,86,5.4,47.8,15,1371,8528,3676,13,87.1,52.2,2.3,7.4,139,348,66,758,76,17,52,13,35
"Hungary",10058,-0.3,67,21,15,1.3,99,99,0,70.8,10.4,4997,92171,30575,92,86.8,29.2,3,7.6,201,364,67,695,19,5,3,12,85
"Iceland",298,0.9,93,16,22,2,95,97,0,83.1,18.1,286,2960,1120,101,100,16.9,2.7,9.3,136,164,34,385,4,1,5,17,77
"India",1151751,1.5,29,8,33,2.9,67,62,0.7,19.6,3.4,55058,1372059,645825,13,94,80.4,2.1,4.9,109,428,117,750,168,39,58,13,29
"Indonesia",228864,1.2,49,8,28,2.2,80,75,2.3,50.4,5.3,7093,179959,29499,8,66.3,49.6,6.3,2.2,132,361,87,727,234,17,41,15,44
"Iran (Islamic Republic of)",70270,1.2,67,6,28,2,97,99,0.1,55.6,9.2,13210,111107,61870,16,94.8,44.4,1.8,7.8,113,466,133,742,22,19,22,28,49
"Iraq",28506,1.8,67,5,41,4.4,69,62,12.6,72.5,3.4,3460,38001,19010,13,100,27.5,2,3.8,112,508,141,855,56,63,57,15,28
"Ireland",4221,1.9,61,15,21,2,87,92,0,78.3,17.3,2414,81901,12394,195,57.2,21.7,6.6,7.5,151,214,35,484,13,4,8,14,78
"Israel",6810,1.7,92,13,28,2.8,97,96,0,65.3,11.1,7726,42609,25138,62,69.2,34.8,1.7,7.8,133,136,30,399,8,3,9,14,76
"Italy",58779,0.2,68,26,14,1.4,87,96,0,77.1,14.2,37000,419523,215000,72,86.2,22.9,2,9,134,174,29,403,7,3,5,10,86
"Jamaica",2699,0.6,53,10,31,2.5,76,85,1.3,53.1,4.2,212,4374,2253,17,63.7,46.9,1.9,5.1,151,326,12,672,7,10,30,4,66
"Japan",127953,0,66,27,14,1.3,98,98,0,82.2,17.7,95197,1210633,270371,95,82.4,17.8,4.5,7.9,119,106,39,287,22,1,8,16,76
"Jordan",5729,3.3,83,5,37,3.2,95,98,4.6,42,9.5,4330,18439,13460,32,76.5,58,1.4,9.9,144,384,102,703,5,16,31,23,45
"Kazakhstan",15314,0.7,58,10,24,2.2,99,93,0.3,64.6,10.4,5612,113098,57514,76,100,35.4,2,3.7,167,713,160,1052,130,32,16,24,60
"Kenya",36553,2.6,21,4,43,5,80,81,14.8,48.2,6.1,1340,37113,4506,12,80,51.8,8.4,4.6,139,401,95,782,384,34,81,8,11
"Kiribati",94,1.7,42,6,32,4.2,93,94,0.4,92.4,13,3,260,20,30,100,7.6,13.1,12.7,52,273,22,773,372,25,45,3,52
"Korea, Dem. Rep.",23708,0.4,62,14,24,1.9,99,92,48.1,85.6,6,8315,93414,74597,41,100,14.4,1.3,3.5,102,371,65,691,178,22,44,11,46
"Korea, Rep.",48050,0.4,81,14,18,1.2,92,91,0,55.1,11.9,16033,92061,75045,19,82.1,44.9,1.2,6.5,169,186,67,537,88,4,7,21,72
"Kuwait",2779,2.9,98,3,24,2.2,99,99,0,78.9,4.9,810,9940,4840,37,91.6,21.1,2.1,2.2,78,309,34,512,24,7,18,22,60
"Kyrgyzstan",5259,1.1,36,7,30,2.5,99,94,6.1,43.3,8.7,1017,30824,12710,58,95.4,56.7,2.4,6.4,106,602,90,924,123,30,35,14,51
"Lao People's Democratic Republic",5759,1.7,21,5,39,3.3,40,50,14.1,20.8,4.1,196,5600,2000,10,93.5,79.2,2.8,3.6,150,476,142,904,152,30,71,10,19
"Latvia",2289,-0.6,68,22,14,1.3,97,98,0.2,63.2,10.2,1561,12840,7200,56,97.3,36.8,1.8,6,156,482,132,733,57,6,7,23,70
"Lebanon",4055,1.1,87,10,28,2.2,53,74,2,46.8,11.3,3260,4720,8440,13,73.9,53.2,0.6,8.9,90,453,98,742,11,19,18,22,60
"Lesotho",1995,0.7,19,7,40,3.5,85,83,15,61.6,7.8,16,1123,89,6,68.9,38.4,12.4,6.7,139,404,88,785,635,52,90,3,7
"Liberia",3579,3.9,59,4,47,6.8,95,88,42.3,63.9,16.4,13,1035,103,3,98.9,36.1,10,5.6,169,485,270,955,331,66,83,10,7
"Libyan Arab Jamahiriya",6039,2,85,6,30,2.8,98,98,0,70.2,6.5,850,27160,7070,48,100,29.8,3.8,2.9,79,411,55,650,18,11,31,16,53
"Lithuania",3408,-0.5,66,21,16,1.3,97,95,0.1,70,13.3,2249,26140,13510,77,98.3,30,1.9,6.2,161,391,136,640,62,5,4,28,68
"Luxembourg",461,1,83,19,18,1.7,96,99,0,90.6,16.8,343,4418,1255,96,70.5,9.4,3.5,7.2,134,177,51,406,12,3,5,19,76
"Macedonia",2036,0.1,70,16,19,1.5,96,95,1.1,71.6,16.5,1175,8833,5187,43,100,28.4,1.7,8.2,145,504,74,745,29,9,8,20,72
"Madagascar",19159,2.7,27,5,44,4.9,81,82,50.3,62.8,9.2,410,5661,5201,3,52.4,37.2,1.1,3.2,147,430,112,837,248,41,79,9,12
"Malaysia",26114,1.8,68,7,31,2.7,90,96,0,45.2,7,2160,43380,17020,18,73.3,54.8,2.5,4.3,139,274,50,625,103,5,26,16,58
"Maldives",300,1.7,30,6,33,2.6,97,98,0.3,84.1,14,14,886,302,27,100,15.9,2.9,10.1,123,484,70,864,45,24,55,9,36
"Mali",11968,3,31,5,48,6.6,68,68,18.3,51.7,12.2,84,8338,1053,6,99.5,48.3,7.8,6,166,456,145,909,280,54,86,6,8
"Malta",405,0.5,96,19,17,1.4,79,74,0,77.7,14.7,190,2411,1564,60,89.3,22.3,1.5,8.3,124,214,24,429,6,3,8,9,83
"Marshall Islands",58,2.2,66,6,32,3.9,94,93,73.1,97.1,15.1,4,152,24,30,100,2.9,6.3,15.3,125,526,62,997,220,24,31,10,59
"Mauritania",3044,2.7,41,5,40,4.5,67,75,17.8,68.6,5.3,64,1893,313,6,100,31.4,5.8,2.2,158,451,138,884,316,40,79,9,12
"Mauritius",1252,0.8,42,10,24,1.9,98,97,1,50.4,9.2,233,4604,1303,37,81.5,49.6,3.5,4.3,79,434,42,701,23,9,11,13,75
"Mexico",105342,1,76,9,30,2.3,96,98,0,43.3,11,78281,88678,195897,9,92.5,56.7,0.5,6.2,88,163,58,503,21,11,27,19,54
"Micronesia (Federated States of)",111,0.5,22,5,38,3.9,92,79,61,90.5,18.9,10,250,60,23,45.2,9.5,4.2,12,93,410,39,782,101,11,40,9,51
"Moldova",3833,-1.1,47,15,19,1.4,96,92,5.7,56.4,11.8,1521,26029,11153,62,96.6,43.6,2.3,7.8,116,619,97,923,141,12,11,18,71
"Monaco",33,0.3,100,21,18,1.8,99,99,0,74.2,15.6,34,464,186,145,84.2,25.8,2.5,4.6,120,115,41,325,2,2,7,16,77
"Mongolia",2605,0.9,57,6,28,1.9,98,95,2,83.6,11,337,8826,6732,35,84,16.4,1.3,5.1,306,488,96,968,188,18,37,16,47
"Morocco",30853,1.2,59,8,30,2.4,95,95,1,35.9,5.5,3091,24328,15991,8,76,64.1,1.5,5.1,67,411,48,675,93,24,44,12,44
"Mozambique",20971,2.1,35,5,44,5.2,77,72,56.8,69.4,12.6,159,6183,514,3,39.7,30.6,10.7,4.7,124,371,66,720,443,35,91,2,7
"Myanmar",48379,0.9,31,8,27,2.1,81,86,13.9,16.8,1.8,1396,49341,17791,10,99.4,83.2,2.7,2.3,115,432,105,796,171,49,60,11,29
"Namibia",2047,1.3,36,5,38,3.3,69,86,21.9,64.4,10.1,113,6145,598,31,15.2,35.6,10.2,4.9,146,385,93,754,767,20,83,6,10
"Nauru",10,0.2,100,6,32,3.1,99,99,0,55.3,25,1,63,10,49,65.5,44.7,6.3,10.8,138,666,132,1137,106,14,19,13,68
"Nepal",27641,2,16,6,38,3.4,81,82,15.7,30.5,9.2,359,11825,5384,5,85.2,69.5,2.2,5.7,118,436,108,796,176,32,64,11,25
"Netherlands",16379,0.3,81,20,18,1.7,96,96,0,81.8,16.4,7994,239172,60519,146,33,18.2,3.9,9.3,155,171,23,443,8,3,7,8,85
"New Zealand",4140,1,86,17,21,2,79,88,0,77.8,18.6,1620,34538,8190,89,74.6,22.2,4.2,9.4,139,175,37,423,9,3,5,17,79
"Nicaragua",5532,1.3,59,6,37,2.8,99,87,9.3,54.7,16,243,5862,2045,11,92.6,45.3,2.9,7.8,120,305,73,655,58,16,46,17,36
"Niger",13737,3.5,17,5,48,7.3,47,39,26.4,52.7,10.6,15,2818,296,2,85.2,47.3,11.5,4,169,456,163,916,174,41,87,6,7
"Nigeria",144720,2.4,49,5,44,5.5,62,54,5.9,30.1,3.5,2482,210306,34923,17,90.4,69.9,6.1,4.1,157,452,132,889,311,47,83,7,10
"Norway",4669,0.6,77,20,19,1.8,92,93,0,83.6,17.9,4126,75326,17523,162,95.2,16.4,4.3,8.7,137,181,35,416,6,2,5,12,83
"Oman",2546,1.6,71,4,33,3.1,97,99,0,84,5.4,460,9516,4290,37,63.7,16,2.2,2.3,105,409,41,688,13,5,24,19,57
"Pakistan",160943,1.8,35,6,36,3.6,80,83,3.2,16.4,1.3,15790,70698,126350,5,97.9,83.6,0.6,2,107,425,99,743,181,53,70,8,21
"Palau",20,0.5,70,6,32,2.5,91,94,12.5,92.5,16.4,2,121,30,61,100,7.5,3.8,10.7,92,396,39,744,51,13,28,10,63
"Panama",3288,1.7,72,9,30,2.6,89,88,0.2,68.8,11.5,2231,8158,4431,28,80.6,31.2,1.8,7.3,108,182,49,430,45,11,38,18,44
"Papua New Guinea",6202,2.2,13,4,40,4,58,60,11.3,82.7,7.3,90,2841,275,5,42.6,17.3,10.6,3.2,118,442,104,815,250,32,64,11,25
"Paraguay",6016,1.9,59,7,35,3.2,80,66,0.8,38.3,13.2,3182,10261,6355,18,87.7,61.7,1.6,7.6,141,291,57,598,71,12,45,16,39
"Peru",27589,1.1,73,8,31,2.5,99,80,1.6,57.1,13.1,2809,17108,29799,7,77.5,42.9,0.6,4.3,175,190,69,584,162,11,43,15,42
"Philippines",86264,2,63,6,36,3.3,92,87,3.3,39.6,6.4,43220,480910,90370,61,80.2,60.4,5.3,3.3,91,336,58,642,287,15,45,13,42
"Poland",38140,-0.1,62,17,16,1.2,98,99,0.1,69.9,9.9,11881,199622,76046,52,85,30.1,2.6,6.2,180,324,53,593,25,5,4,15,81
"Portugal",10579,0.5,58,22,16,1.5,95,97,0,71.8,15.5,6149,48979,36138,47,80.2,28.2,1.4,10,140,208,33,461,32,3,13,10,77
"Qatar",821,3.1,96,3,21,2.7,92,94,0,78.1,9.7,690,4880,2150,60,88.2,21.9,2.3,4.3,75,340,40,629,60,4,16,21,63
"Romania",21532,-0.4,54,19,15,1.3,97,97,0.8,71,12.4,4360,90698,41455,42,85.2,29,2.2,5.7,141,479,56,728,128,10,11,12,77
"Russia",143221,-0.5,73,17,15,1.3,99,98,0.1,63.2,10.8,45628,1214292,614183,85,81.5,36.8,2,5.3,152,688,217,960,107,7,8,28,64
"Rwanda",9464,2.5,20,4,43,6,99,97,38.9,63.7,27.3,21,3647,432,4,62.5,36.3,8.6,10.4,150,425,126,831,397,48,85,7,8
"Saint Kitts and Nevis",50,1.3,33,11,28,2.3,99,99,0,61.5,9.5,17,198,46,47,94.6,38.5,4.3,5.8,108,420,45,689,11,11,26,12,62
"Saint Lucia",163,1.1,28,10,27,2.2,94,99,0.2,56.4,10.2,9,331,749,23,93.8,43.6,0.4,5.9,129,304,52,646,17,11,20,17,63
"Saint Vincent and the Grenadines",120,0.5,46,9,29,2.2,99,99,0,62.8,9.3,5,447,89,38,100,37.2,5.1,6,155,315,55,685,30,13,27,13,60
"Samoa",185,0.8,23,7,40,4.1,63,71,4.2,81,10.5,10,310,50,17,79,19,6.2,4.9,95,417,40,782,19,14,31,11,58
"San Marino",31,1.4,93,26,14,1.3,92,92,0,83.9,13.3,8,2196,1089,955,96,16.1,2,7.1,140,223,22,380,6,2,5,10,85
"Sao Tome and Principe",155,1.6,59,6,41,4,86,97,43.1,85.4,12.2,11,308,81,19,100,14.6,3.8,10.5,133,396,87,764,103,38,67,12,21
"Saudi Arabia",24175,2.4,81,4,34,3.5,96,96,0,77.2,8.7,4235,74114,34261,30,14.4,22.8,2.2,3.4,109,405,72,701,44,11,22,25,53
"Senegal",12072,2.5,42,6,42,4.9,84,94,13.5,31.5,6.7,97,3287,594,3,90.3,68.5,5.3,5.4,146,426,125,832,270,35,76,11,13
"Seychelles",86,0.7,51,10,24,1.7,99,99,3.4,74.2,8.8,94,634,121,79,62.5,25.8,5.3,6.8,131,336,69,657,33,7,16,21,64
"Sierra Leone",5743,2.8,41,5,43,6.5,67,64,45.1,49,7.8,5,2510,168,5,100,51,16.3,3.5,181,515,250,1017,517,56,86,8,6
"Singapore",4382,1.3,100,13,19,1.3,95,96,0,33.6,5.4,1190,19090,6380,45,94,66.4,3,3.4,128,171,23,376,26,1,9,12,79
"Slovakia",5388,0,56,16,16,1.2,99,99,0,73.9,13.8,2441,35757,16868,66,88.2,26.1,2.1,7,170,371,50,636,15,4,4,14,81
"Slovenia",2001,0.1,51,21,14,1.3,96,97,0,73,13.5,1198,15711,4723,80,44.1,27,3.3,8.4,160,228,59,503,13,2,4,17,80
"Solomon Islands",484,2.4,17,5,40,4,78,79,24.8,93,12.6,26,653,60,14,54.8,7,10.5,4.7,90,409,37,786,135,23,49,7,44
"Somalia",8445,3,36,4,44,6.2,34,39,9.3,44.6,4.2,15,1486,310,2,100,55.4,4.8,2.6,143,580,235,1086,218,49,76,11,14
"South Africa",48282,0.7,60,7,32,2.7,83,97,0.8,41.9,9.9,5995,184459,34829,41,17.5,58.1,5.3,8.6,154,410,120,808,940,17,77,8,15
"Spain",43887,1.1,77,22,14,1.4,97,96,0,72.5,15.3,23300,328891,135300,76,76.4,27.5,2.3,8.1,131,137,31,395,30,2,6,13,81
"Sri Lanka",19207,0.5,15,10,24,1.9,98,98,1.2,49.2,8.3,1245,33233,10479,17,85.8,50.8,3.1,4.2,118,314,82,711,60,8,19,20,61
"Sudan",37707,2.2,42,6,40,4.4,79,84,6.4,37.1,6.3,944,33354,11083,9,98.7,62.9,3,3.8,112,499,163,903,242,27,60,17,23
"Suriname",455,0.6,74,9,29,2.5,85,84,8,41.9,8,4,688,191,16,51.9,58.1,3.6,7.4,133,421,86,781,64,17,37,18,45
"Swaziland",1134,0.8,24,5,39,3.6,91,95,13.7,62,9.4,32,6828,171,63,41.7,38,39.4,5.9,162,364,72,732,1155,40,91,4,5
"Sweden",9078,0.4,84,24,17,1.8,96,99,0,81.2,13.4,7270,97005,29190,109,87.9,18.8,3.3,8.9,116,176,30,379,6,2,4,11,85
"Switzerland",7455,0.4,76,21,16,1.4,86,93,0,60.3,19.6,3847,79153,28812,110,76.2,39.7,2.8,11.3,116,142,32,358,7,3,5,13,82
"Syria",19408,2.7,51,5,36,3.2,98,99,0.8,47.6,5.9,2306,27288,10342,14,100,52.4,2.6,3.9,60,410,49,728,32,7,30,15,56
"Tajikistan",6640,1.4,25,5,39,3.5,85,86,6.4,22.6,5.5,1003,33165,13267,50,97,77.4,2.5,5,90,753,64,1036,204,38,49,10,41
"Tanzania",39459,2.5,25,5,44,5.3,90,83,35.4,59.2,13.3,267,13292,822,4,83.4,40.8,18.5,5.5,151,435,115,847,312,35,85,6,8
"Thailand",63444,0.7,33,12,21,1.8,96,98,0.3,64.4,11.3,10459,172477,22435,28,76.6,35.6,7.6,3.5,129,199,74,559,142,9,43,17,40
"Timor-Leste",1114,4.3,27,5,45,6.7,63,70,44.6,88.8,16.4,45,1795,79,22,37.2,11.2,21.9,16.4,118,441,112,814,556,29,63,11,26
"Togo",6410,2.7,41,5,43,5,80,88,15,27.8,6.9,19,1937,225,4,84.7,72.2,9.8,5.5,147,427,117,831,389,39,79,9,12
"Tonga",100,0.5,24,9,37,3.8,99,99,32.9,75.3,11.1,10,350,30,34,84.5,24.7,11.7,5.4,85,363,29,684,25,12,29,9,62
"Trinidad and Tobago",1328,0.4,13,10,22,1.6,91,88,2.5,54.1,6.9,107,3653,1004,29,88,45.9,3.6,4.2,121,379,50,729,8,10,40,10,50
"Tunisia",10215,1.1,66,9,25,1.9,98,98,0.9,43.7,6.5,2452,28537,13330,29,81.7,56.3,2.1,5.3,78,417,72,685,25,13,18,19,63
"Turkey",73922,1.3,68,8,28,2.2,96,96,0,71.5,16.5,23798,217685,116014,29,70.3,28.5,1.9,5.6,95,542,42,757,29,16,31,13,56
"Turkmenistan",4899,1.4,47,6,31,2.6,99,98,0.1,66.7,14.9,703,23026,12210,47,100,33.3,1.9,4.8,99,844,74,1115,65,37,35,13,52
"Tuvalu",10,0.4,46,8,34,3,95,97,4,92.3,16.1,2,50,10,46,20,7.7,5,11.4,129,541,69,1046,295,21,34,11,55
"Uganda",29899,3.2,13,4,49,6.6,68,64,28.5,26.9,10,363,18969,2209,7,51.8,73.1,8.9,7.2,146,422,154,824,355,30,84,8,8
"Ukraine",46557,-0.8,68,21,14,1.2,98,98,0.5,55,8.8,19169,388444,143728,85,91.4,45,2.7,7,139,637,135,891,106,7,9,20,71
"United Arab Emirates",4248,3.5,77,2,20,2.3,92,92,0,72.9,8.7,850,10340,4960,35,77.9,27.1,2.1,2.6,100,369,72,625,16,4,12,28,59
"United Kingdom",60512,0.4,90,22,18,1.8,86,92,0,87.4,16.5,58729,740731,133641,128,92.2,12.6,5.5,8.4,143,182,26,434,15,3,10,9,82
"United States of America",302841,1,81,17,21,2.1,93,96,0,45.8,19.1,463663,2669603,730801,94,23.5,54.2,3.7,15.3,134,188,47,460,4,4,9,17,75
"Uruguay",3331,0.2,92,18,24,2.1,96,94,0.5,43.5,9.2,3936,2880,12384,9,31.1,56.5,0.2,8.2,170,208,55,518,27,7,12,15,72
"Uzbekistan",26981,1.4,37,6,32,2.6,99,96,1.7,50.2,8,5194,290162,70564,109,97.1,49.8,4.1,4.7,74,663,50,899,121,26,30,13,57
"Venezuela",27191,1.7,94,8,31,2.6,55,71,0.1,49.5,9.3,13680,28000,48000,11,88.6,50.5,0.6,5.1,107,241,90,496,41,11,24,32,45
"Yemen",21732,3,28,4,45,5.6,74,87,24.6,46.4,5.6,850,13746,6739,7,95.2,53.6,2,4.6,108,553,102,956,78,41,61,11,28
"Zambia",11696,1.9,35,5,46,5.3,85,80,37.2,46.8,10.8,491,22010,1264,20,71.1,53.2,16.8,5.2,122,359,58,700,553,40,92,2,6
"Zimbabwe",13228,0.8,36,5,39,3.3,66,62,18.7,52.6,8.9,310,9357,2086,7,50.8,47.4,4.5,8.4,122,347,103,685,557,36,90,4,7
